start_time,end_time,duration
22.5531914893617,22.638297872340424,0.0851063829787222
24.46808510638298,24.659574468085104,0.19148936170212494
24.95744680851064,25.04255319148936,0.0851063829787222
25.25531914893617,25.382978723404253,0.1276595744680833
